USE e_games; 

INSERT INTO Cliente (idCliente, nmCliente, telefone, email, cpf, dtNasc)
VALUES (1,'Ana Silva', 938472561,'anasilva1990@gmail.com',75324168932,'1990-05-15'),
(2,'João Santos', 961234857,' joaosantos85@hotmail.com',46289315709,'1985-08-22'),
(3,'Maria Oliveira', 947823615,'maria.oliveira92@yahoo.com.br',15972638421,'1992-12-30'),
(4,'Carlos Pereira', 928346789,'carlospereira88@outlook.com',87430521945,'1988-03-04'),
(5,'Fernanda Costa', 956718493,'fernandacosta95@gmail.com',23618495778,'1995-09-11'),
(6, 'Cauê Sebastião Oliveira', 9127117601, 'caue-oliveira97@gmail.com', 52535224925, '1987-03-08'),
(7, 'Antonella Analu Lara Drumond', 6939154576, 'antonella.analu.drumond@gmail.com', 11561650676, '1986-04-04'),
(8, 'Emily Hadassa Daniela Ramos', 8335644025, 'emily.hadassa.ramos@gmail.com', 98125403345, '1977-06-16'),
(9, 'Felipe Márcio Ian Costa', 8436420860, 'felipe.marcio.costa@gmail.com', 19388632320, '1979-03-22'),
(10, 'Valentina Malu Teixeira', 1728687752, 'valentina_teixeira@gmail.com', 12042805103, '1971-10-20'),
(11, 'Mariah Amanda Isabelly Silva', 67989210963, 'mariah.amanda.silva@gmail.com', 26843544304, '1989-08-18'),
(12, 'Guilherme Davi Aragão', 98998608270, 'guilherme.davi.aragao@gmail.com', 43232665535, '2005-10-09'),
(13,'Victor Benjamin Novaes', 27987164305, 'victor_novaes@gmail.com', 59040352763, '2000-05-15'),
(14, 'Eliane Emilly Débora Galvão', 75994192958, 'elianeemillygalvao@gmail.com', 67243323898, '2002-07-05'),
(15, 'Alessandra Sebastiana Milena Ferreira', 21993645600, 'alessandra-ferreira72@gmail.com', 24934406336, '1999-04-06'),
(16,'Ana Malu Emilly Ramos',16985085128,'ana_ramos@gmail.com',48040293898,'2003-04-05'),
(17,'Esther Carla Cavalcanti',84257420167,'esther_cavalcanti@gmail.com',32106146442,'2005-05-03'),
(18,'Carlos Pedro Henrique Matheus da Conceição',21989547229,'carlospedrodaconceicao@gmail.com',48783661760,'1999-06-04'),
(19,'Luís José Freitas',15998186597,'luis.jose.freitas@gmail.com',42955159816,'1994-10-05'),
(20,'Jaqueline Fátima Costa',15982572889,'jaquelinefatimacosta@gmail.com',80859986888,'2006-10-02');

INSERT INTO Pedido (idPedido, dtPedido, idCliente, valorTotalPd, metodoPag)
VALUES (1, '2024-10-05', 4, 376.99, 'PIX'),   
       (2, '2024-05-12', 3, 298.29, 'Boleto'),
       (3, '2024-01-24', 5, 707.90, 'Credito'),
       (4, '2024-06-21', 2, 535.01, 'Credito'),
       (5, '2024-04-11', 1, 188.98, 'PIX'),
       (6, '2024-01-18', 10, 453.99, 'Credito'),   
       (7, '2023-03-13', 7, 745.77, 'PIX'),
       (8, '2024-09-09', 8, 99.00, 'Boleto'),
       (9, '2023-10-23', 6, 1035.12, 'Credito'),
       (10, '2024-09-17', 9, 297.89, 'PIX'),
       (11, '2024-03-06', 14, 376.99, 'Credito'),  
       (12, '2022-06-19', 13, 298.29, 'Boleto'),
       (13, '2023-09-27', 15, 707.90, 'PIX'),
       (14, '2023-12-29', 12, 535.01, 'PIX'),
       (15, '2024-04-13', 11, 188.98, 'Debito'),
       (16, '2024-08-15', 18, 453.99, 'PIX'),   
       (17, '2023-07-21', 17, 745.77, 'Credito'),
       (18, '2024-06-23', 19, 99.00, 'PIX'),
       (19, '2023-11-29', 20, 1035.12, 'Credito'),
       (20, '2024-03-12', 16, 297.89, 'PIX');
       
SELECT *
FROM Pedido;

INSERT INTO Item_pedido (idItemPedido, idPedido, idProduto, Qntd, preçoUnid, preçoTotalItem)
VALUES (1, 1, 6, 1, 77.00, 77.00),
       (2, 1, 10, 1, 299.99, 299.99),
       (3, 2, 1, 1, 199.50, 199.50),
       (4, 2, 24, 1, 98.79, 98.79),
       (5, 3, 2, 1, 249.90, 249.90),
       (6, 3, 17, 1, 99.00, 99.00),
       (7, 3, 40, 1, 359.00, 359.00),
       (8, 4, 8, 1, 227.62, 227.62),
       (9, 4, 25, 1, 89.50, 89.50),
       (10, 4, 35, 1, 80.00, 80.00),
       (11, 4, 3, 1, 137.89, 137.89),
       (12, 5, 14, 1, 88.99, 88.99),
       (13, 5, 27, 1, 99.99, 99.99),
       (14, 6, 6, 2, 77.00, 154.00),
       (15, 6, 10, 1, 299.99, 299.99),
       (16, 7, 1, 1, 199.50, 199.50),
       (17, 7, 24, 3, 98.79, 296.37),
       (18, 7, 2, 1, 249.90, 249.90),
       (19, 8, 17, 1, 99.00, 99.00),
       (20, 9, 40, 2, 359.00, 718.00),
       (21, 9, 8, 1, 227.62, 227.62),
       (22, 9, 25, 1, 89.50, 89.50),
       (23, 10, 35, 2, 80.00, 160.00),
       (24, 10, 3, 1, 137.89, 137.89),
       (25, 11, 9, 1, 99.90, 99.90),
       (26, 11, 21, 2, 101.00, 202.00),
       (27, 11, 31, 1, 39.99, 39.99),
       (28, 12, 27, 3, 99.99, 299.97),
       (29, 13, 12, 1, 113.78, 113.78),
       (30, 13, 13, 2, 27.99, 55.98),
       (31, 13, 19, 1, 80.00, 80.00),
       (32, 14, 36, 1, 19.99, 19.99),
       (33, 14, 38, 3, 114.11, 342.33),
       (34, 14, 23, 1, 9.99, 9.99),
       (35, 15, 34, 4, 359.00, 1436.00),
       (36, 16, 1, 1, 199.50, 199.50),
       (37, 16, 2, 2, 249.90, 499.80),
       (38, 16, 5, 1, 84.99, 84.99),
       (39, 17, 3, 2, 137.89, 275.78),
       (40, 17, 9, 1, 99.90, 99.90),
       (41, 17, 12, 1, 113.78, 113.78),
       (42, 18, 18, 3, 82.00, 246.00),
       (43, 18, 22, 1, 27.99, 27.99),
       (44, 19, 33, 2, 299.00, 598.00),
       (45, 20, 31, 1, 39.99, 39.99);

INSERT INTO Categoria (idCategoria, nmCategoria, descricao)
VALUES (1,'TPS','O estilo TPS (Third-Person Shooter), ou jogo de tiro em terceira pessoa, é aquele em que você controla um personagem visível na tela, com a câmera posicionada atrás dele, normalmente sobre o ombro. Diferente dos FPS (onde você enxerga através dos olhos do personagem), aqui você vê o personagem inteiro.'),
(2,'FPS','O estilo FPS (First-Person Shooter), ou jogo de tiro em primeira pessoa, é aquele em que você vê o mundo pelos olhos do personagem, como se estivesse "dentro" dele. Isso dá uma sensação mais imersiva, já que a câmera está posicionada na altura dos olhos do protagonista.'),
(3,'RPG','O estilo RPG (Role-Playing Game), ou jogo de interpretação de papéis, é um gênero onde você assume o papel de um personagem em um mundo fictício, tomando decisões que afetam a história e a evolução do personagem. A ideia central é o desenvolvimento de habilidades, escolhas e uma narrativa rica.'),
(4,'ROGUELIKE','Roguelike é um subgênero de jogos focado em desafio e morte permanente, onde, ao morrer, o jogador perde todo o progresso e precisa recomeçar. Os níveis são gerados aleatoriamente, garantindo partidas únicas. O estilo tem combate estratégico e exige muita exploração. Embora difícil, o jogador melhora com o aprendizado a cada tentativa. Exemplos populares incluem "The Binding of Isaac" e "Hades". É ideal para quem gosta de desafios e recompensas a longo prazo'),
(5,'SANDBOX','Sandbox é um estilo de jogo que dá ao jogador total liberdade para explorar, construir e modificar o mundo ao seu redor, sem seguir uma narrativa linear ou objetivos fixos. O foco está na criatividade e na interação com o ambiente. O jogador pode criar suas próprias metas e decidir como jogar.'),
(6,'TECHNIC','No contexto de jogos de fábrica (também chamados de factory games), o estilo "Technic" se refere a jogos que focam em construção, automação e gerenciamento de fábricas ou sistemas produtivos complexos. O jogador começa com recursos básicos e, aos poucos, desenvolve um sistema industrial para automatizar a extração, processamento e produção de itens.'),
(7,'HACK-N-SLASH','Hack-and-Slash é um estilo de jogo focado em combate corpo a corpo rápido e intenso,  onde o jogador enfrenta hordas de inimigos usando armas, combos e habilidades especiais. A jogabilidade é simples e voltada para a ação, com poucos momentos de pausa, e os confrontos geralmente envolvem derrotar muitos adversários de uma só vez.'),
(8,'RTS','RTS (Real-Time Strategy), ou estratégia em tempo real, é um estilo de jogo onde os jogadores controlam unidades e recursos em tempo real, em vez de turnos. A chave para o sucesso é o planejamento estratégico e a tomada de decisões rápidas enquanto o jogo avança continuamente.'),
(9,'ESPORTE','O gênero esporte abrange jogos que simulam atividades esportivas, permitindo que os jogadores participem de competições em várias modalidades, como futebol, basquete, corrida, entre outros. Esses jogos podem variar desde simulações realistas até versões mais arcade e divertidas.'),
(10,'CORRIDA','O gênero corrida abrange jogos que colocam o jogador no volante de veículos, competindo em diversas pistas e ambientes, seja em corridas de alta velocidade ou em desafios de manobra. Esses jogos variam de simulações realistas a experiências mais arcade e divertidas.');
 
INSERT INTO CategoriaProduto
VALUES (1,1),
  (1,2),
  (1,3),
  (1,4),
  (2,5),
  (2,6),
  (2,7),
  (2,8),
  (3,9),
  (3,10),
  (3,11),
  (3,12),
  (4,13),
  (4,14),
  (4,15),
  (4,16),
  (5,17),
  (5,18),
  (5,19),
  (5,20),
  (6,21),
  (6,22),
  (6,23),
  (6,24),
  (7,25),
  (7,26),
  (7,27),
  (7,28),
  (8,29),
  (8,30),
  (8,31),
  (8,32),
  (9,33),
  (9,34),
  (9,35),
  (9,36),
  (10,37),
  (10,38),
  (10,39),
  (10,40);
  
INSERT INTO Produto (idProduto, nmdoJogo, sinopse, preco, qntdEstoque, idCategoria)
VALUES (1, 'Helldivers 2', 'Em "Helldivers 2", você e seus amigos se tornam soldados de elite em um futuro distópico, enfrentando ameaças alienígenas em diversos planetas. O jogo prioriza a cooperação, onde a coordenação é essencial para completar missões desafiadoras. Com uma variedade de armas e táticas, os jogadores enfrentam hordas de inimigos, e ações imprudentes podem ter graves consequências. Prepare-se para intensas batalhas pela sobrevivência da humanidade em um universo hostil.', 199.50, 20, 1),
(2,'The Last of Us','Em "The Last of Us", Joel, um contrabandista endurecido, é encarregado de proteger Ellie, uma adolescente imune a uma infecção que devastou a humanidade. A história se passa em um mundo pós-apocalíptico, repleto de perigos, incluindo infectados e sobreviventes hostis. Ao longo da jornada, Joel e Ellie desenvolvem um laço profundo, enfrentando dilemas morais e desafios que testam sua humanidade. A busca por um possível remédio para a infecção se torna uma questão de sobrevivência e sacrifício, culminando em decisões que mudam suas vidas para sempre.', 249.90, 28,1),
(3,'Resident Evil 4', 'Em "Resident Evil 4", Leon S. Kennedy, agora agente do governo dos EUA, é enviado à Europa para resgatar Ashley Graham, a filha do presidente, sequestrada por um culto misterioso. Ao chegar, Leon se depara com aldeões infectados por um parasita chamado Las Plagas. Lutando contra hordas de inimigos e monstros grotescos, Leon deve usar suas habilidades e recursos limitados para salvar Ashley e desvendar os segredos do culto. A história combina ação intensa e elementos de horror, enquanto Leon enfrenta desafios que testam sua coragem e determinação.', 137.89, 20, 1),
(4, 'Days Gone', 'Em "Days Gone", o jogador assume o papel de Deacon St. John, um ex-motociclista e caçador de recompensas, que tenta sobreviver em um mundo pós-apocalíptico devastado por uma pandemia que transformou a maioria da população em criaturas ferozes conhecidas como Freakers. Enquanto busca por sua esposa desaparecida, Deacon enfrenta não apenas os monstros, mas também outros sobreviventes hostis. O jogo combina exploração em mundo aberto, combate e elementos de sobrevivência, enquanto Deacon luta para encontrar esperança e redenção em um mundo desolado e perigoso.', 284.53, 27, 1),
(5,'Rainbow Six Siege', 'Em "Rainbow Six Siege", os jogadores se tornam operadores de elite de diferentes unidades antiterroristas ao redor do mundo. O jogo foca em combates táticos em equipe, onde a estratégia e a comunicação são essenciais. Cada operador possui habilidades únicas, permitindo uma variedade de estilos de jogo. As partidas envolvem situações de cerco e resgate, em mapas destrutíveis que exigem planejamento e adaptação. Com um forte foco em trabalho em equipe, os jogadores devem coordenar ataques e defesas, tornando cada partida uma experiência intensa e envolvente.', 84.99, 29, 2),
(6,'Ready or Not', 'Em "Ready or Not", os jogadores assumem o papel de membros de uma unidade de operações especiais, enfrentando situações de crise em ambientes urbanos. O jogo é focado em táticas de SWAT, onde equipes precisam planejar e executar operações de resgate e neutralização de ameaças em locais como edifícios e zonas de reféns. Com ênfase na estratégia e na comunicação, os jogadores devem usar equipamentos variados e coordenar ações para superar desafios. A atmosfera realista e o design de níveis complexos proporcionam uma experiência tensa e envolvente, testando habilidades e decisões em tempo real.', 77.00, 29, 2),
(7,'Until Dawn', 'Em "Until Dawn", um grupo de amigos se reúne em uma remota montanha um ano após uma tragédia. Durante uma noite de celebração, eles enfrentam um psicopata que os persegue, e suas decisões moldam o destino de cada personagem. O jogo combina elementos de terror e sobrevivência, onde escolhas críticas podem levar a consequências mortais. A narrativa é impulsionada por um sistema de decisões, permitindo que os jogadores experimentem múltiplos finais. Com uma atmosfera envolvente e reviravoltas inesperadas, "Until Dawn" oferece uma experiência intensa e emocionante de suspense.', 341.45, 23, 2),
(8,'Battlefield V', 'Em "Battlefield V", os jogadores são imersos na Segunda Guerra Mundial, explorando diferentes teatros de guerra através de uma narrativa em modo história que foca em personagens variados e suas experiências. O jogo oferece modos multiplayer expansivos, permitindo batalhas em grande escala com até 64 jogadores. Com ênfase em destruição dinâmica e táticas de equipe, "Battlefield V" apresenta novos recursos, como o modo "Grand Operations", que combina várias partidas em um único cenário. A experiência é enriquecida por gráficos realistas e uma jogabilidade imersiva, retratando os horrores e heroísmos do conflito.', 227.62, 25, 2), 
(9,'Monster Hunter World', 'Em "Monster Hunter World", os jogadores assumem o papel de caçadores em um vasto mundo repleto de criaturas gigantes. A trama se passa na nova terra, onde uma expedição investiga o aparecimento do Elder Dragon. Os jogadores exploram diversas regiões, enfrentando monstros variados e coletando recursos para forjar equipamentos melhores. Com um sistema de combate dinâmico, cada batalha exige estratégia e habilidade. O jogo incentiva a cooperação, permitindo que até quatro jogadores formem uma equipe para caçar juntos, oferecendo uma experiência rica e imersiva em um ecossistema vibrante e desafiador.', 99.90, 26, 3),
(10,'Baldurs Gate 3', 'Em "Baldurs Gate 3", os jogadores exploram o rico universo de Dungeons & Dragons, assumindo o papel de um personagem que ganha poderes extraordinários após ser infectado por um parasita. A história se passa na cidade de Baldurs Gate e seus arredores, onde o jogador deve tomar decisões que moldam o destino do mundo e dos personagens ao seu redor. Com combate por turnos, personalização profunda de personagens e uma narrativa ramificada, o jogo oferece uma experiência de RPG imersiva. Os jogadores podem formar alianças, explorar masmorras e enfrentar desafios em uma jornada épica repleta de escolhas significativas.', 299.99, 30, 3),
(11,'The Elder Scrolls IV Oblivion', 'Em "The Elder Scrolls IV: Oblivion", os jogadores mergulham em um vasto mundo de fantasia, onde o Império de Tamriel enfrenta a ameaça da invasão de criaturas de Oblivion. O protagonista, um prisioneiro, se vê envolvido na busca para encontrar o filho do imperador e impedir que o mundo caia nas mãos de demônios. Com uma narrativa rica e um mundo aberto repleto de missões, o jogo oferece uma profunda personalização de personagens e um sistema de combate dinâmico. Os jogadores exploram cidades, masmorras e paisagens diversas, enquanto moldam seu destino e descobrem segredos ancestrais.', 85.32, 30, 3),
(12,'Chrono Cross','Em "Chrono Cross", o jogador assume o papel de Serge, um jovem que descobre um mundo paralelo após quase afogar-se. Ao se envolver em uma trama envolvendo viagens no tempo e dimensões alternativas, ele se vê em uma jornada épica para desvendar a verdade sobre sua identidade e o destino de seu mundo. Com uma vasta gama de personagens jogáveis e um sistema de combate inovador, o jogo explora temas de amizade, perda e redenção. As escolhas feitas ao longo da aventura impactam a história, levando a múltiplos finais e incentivando a exploração de suas ricas narrativas entrelaçadas.', 113.78, 24, 3),
(13,'The Binding of Isaac','The Binding of Isaac é um jogo de ação e roguelike que narra a angustiante história de Isaac, um garoto que vive com sua mãe em um ambiente controlado e sufocante. Um dia, sua mãe ouve uma voz que afirma ser Deus, instruindo-a a sacrificar Isaac para provar sua fé. Com medo, Isaac foge para o porão da casa, onde enfrenta uma série de monstros grotescos, simbolizando seus medos e traumas.', 27.99,12,4),
(14,'Hades','Hades é um jogo de ação e roguelike que se passa no mundo subterrâneo da mitologia grega. O jogador assume o papel de Zagreus, o filho de Hades, que está determinado a escapar do Submundo para descobrir mais sobre sua mãe, Persefone. Ao longo de sua jornada, Zagreus enfrenta uma variedade de inimigos e desafios, enquanto interage com deuses e figuras mitológicas, como Zeus, Atena e Afrodite, que oferecem habilidades e poderes únicos.',88.99,17,4),
(15,'Darkest Dungeon','Darkest Dungeon é um RPG tático e roguelike que coloca os jogadores à frente de uma equipe de heróis em uma missão para explorar masmorras sombrias e enfrentar horrores sobrenaturais. Situado em um mundo gótico, o jogo destaca a importância da saúde mental dos personagens, que podem ser afetados pelo estresse e pela loucura. Os jogadores devem gerenciar recursos, desenvolver habilidades e enfrentar inimigos implacáveis, enquanto buscam a salvação de sua linhagem e tentam reverter a corrupção que assola a terra.',74.99,19,4),
(16,'Dead Cells','Dead Cells é um jogo de ação e plataforma roguelike que combina elementos de metroidvania. O jogador controla uma entidade sem forma que habita um corpo de prisioneiro em um castelo em constante mutação. Com combate fluido e mecânicas desafiadoras, o objetivo é explorar diferentes áreas, derrotar inimigos e coletar itens que permitem desbloquear novas habilidades. Cada corrida é única, com níveis gerados aleatoriamente, criando uma experiência envolvente. A morte é parte do aprendizado, incentivando o aprimoramento e a exploração contínua.',55.77,11,4),
(17,'Minecraft','Minecraft é um jogo de construção e sobrevivência em um mundo aberto, onde os jogadores podem explorar, minerar, construir e criar livremente. Com uma estética em blocos, o jogo permite que os jogadores moldem o ambiente ao seu redor, coletando recursos como madeira, pedra e minério. Os modos de jogo incluem o modo criativo, onde os jogadores têm acesso ilimitado a recursos, e o modo sobrevivência, que exige a gestão de saúde e fome enquanto enfrentam monstros. O jogo promove a criatividade, permitindo construções complexas e aventuras infinitas.',99.00,29,5),
(18,'Grand Theft Auto V','Grand Theft Auto V é um jogo de ação e aventura em mundo aberto que se passa na fictícia cidade de Los Santos. O jogador controla três protagonistas: Michael, um ex-assaltante de bancos; Franklin, um jovem em busca de oportunidades; e Trevor, um psicopata imprevisível. Juntos, eles realizam uma série de assaltos e atividades criminosas enquanto enfrentam a polícia e gangues rivais. O jogo oferece um vasto mundo para explorar, missões dinâmicas e um modo online que expande ainda mais as possibilidades de interação e competição.',82.00,50,5),
(19,'The Sims 3','The Sims é um jogo de simulação de vida onde os jogadores criam e controlam Sims, personagens virtuais que vivem em um mundo aberto. Os jogadores podem personalizar a aparência, personalidade e vida dos Sims, gerenciando suas necessidades, relacionamentos e carreiras. É possível construir casas, desenvolver habilidades e formar famílias. O jogo oferece uma ampla gama de expansões, permitindo novas experiências e interações. Com humor e criatividade, The Sims proporciona uma reflexão divertida sobre a vida cotidiana e as dinâmicas sociais.',80.00,35,5),
(20,'Subnautica','Subnautica é um jogo de sobrevivência em mundo aberto ambientado em um planeta alienígena coberto por oceanos. O jogador assume o papel de um sobrevivente de uma nave espacial que caiu, explorando as profundezas subaquáticas para coletar recursos, construir bases e descobrir os segredos do planeta. Com uma rica vida marinha, os jogadores enfrentam perigos, como criaturas predatórias e ambientes hostis. O jogo combina exploração, coleta e construção, enquanto narra uma história envolvente sobre a sobrevivência e os mistérios do fundo do mar.',124.99,40,5),
(21,'Factorio','Factorio é um jogo de construção e gerenciamento onde os jogadores assumem o papel de um engenheiro que chega a um planeta alienígena e deve construir e automatizar fábricas para produzir recursos e tecnologias. O objetivo é coletar matérias-primas, construir máquinas e criar cadeias de produção complexas, tudo enquanto defende sua base de criaturas nativas que se sentem ameaçadas pela poluição.Com uma jogabilidade profunda e estratégica, Factorio permite a personalização e otimização das fábricas, desafiando os jogadores a melhorar continuamente sua eficiência e produtividade.',101.00,43,6),
(22,'Oxygen Not Included','Oxygen Not Included é um jogo de simulação e gerenciamento de colônia, ambientado em um asteroide. O jogador controla um grupo de colonos que lutam pela sobrevivência em um ambiente subterrâneo hostil. Eles devem gerenciar recursos essenciais, como oxigênio, comida e água, enquanto exploram e constroem uma base. O jogo desafia os jogadores a resolver problemas técnicos, lidar com doenças e otimizar a eficiência da colônia. Com um estilo visual cativante e humor sutil, Oxygen Not Included oferece uma experiência rica em estratégia e criatividade.',27.99,12,6),
(23,'Space Engineers','Space Engineers é um jogo de sandbox em mundo aberto que permite aos jogadores construir e gerenciar naves espaciais, estações e planetas. Ambientado em um universo voxel, o jogo combina construção, exploração e combate em um cenário espacial. Os jogadores podem projetar estruturas complexas, utilizar recursos e resolver desafios técnicos enquanto exploram diferentes planetas e luas. Com um foco em engenharia e física realista, Space Engineers oferece uma experiência profunda que estimula a criatividade e a colaboração em modos multiplayer.',9.99,15,6),
(24,'Kerbal Space Program','Kerbal Space Program é um jogo de simulação espacial que permite aos jogadores projetar, construir e gerenciar naves espaciais para explorar o sistema solar fictício de Kerbin. Os jogadores controlam uma raça de pequenos seres verdes chamados Kerbals, que desejam explorar o espaço. Com uma física realista, o jogo desafia os jogadores a calcular trajetórias, construir foguetes e executar missões, como pousos em planetas e viagens interplanetárias. A experiência combina engenharia, ciência e humor, incentivando a criatividade e a experimentação em um ambiente divertido e educativo.',98.79,22,6),
(25,'Bayoneta','Depois de 500 anos, a bruxa Bayonetta acorda sem se lembrar de nada. Ela precisa lutar contra hordas de anjos para recuperar tesouros perdidos e seu próprio passado.',89.50,20, 7),
(26,'Metal Gear Rising: Revegence','Raiden, que agora trabalha para a Maverick Security, deve enfrentar a Desperado Enforcement, um grupo que utiliza tecnologias avançadas e táticas brutais para semear o caos. O jogo explora temas de guerra, moralidade e a natureza da humanidade, enquanto Raiden busca vingança e se confronta com seu passado.',64.99,26, 7),
(27,'Devil May Cry 5','Nero, agora um caçador de demônios, perde sua mão esquerda em uma batalha contra um novo inimigo chamado Geryon e encontra um misterioso novo aliado chamado V, que também está em busca de derrotar Vergil, seu irmão. Enquanto isso, Dante, o protagonista original, é chamado para enfrentar a nova ameaça.',99.99,29, 7),
(28,'For Honor','Os jogadores assumem o papel de um guerreiro de uma das três facções, cada uma com seu próprio estilo de combate, armas e habilidades. A narrativa é dividida em campanhas para cada facção, onde os jogadores enfrentam inimigos controlados por IA, explorando temas de traição, lealdade e sobrevivência.',150.99,33, 7),
(29, 'Rim World', '"RimWorld" é um jogo de simulação e gerenciamento de colônia, ambientado em um mundo de ficção científica. Os jogadores controlam um grupo de sobreviventes que caíram em um planeta alienígena, onde devem construir uma colônia, gerenciar recursos e enfrentar desafios como ataques de piratas, doenças e desastres naturais. Com um sistema de inteligência artificial dinâmico, cada partida é única, oferecendo histórias emergentes e interações complexas entre os colonos, promovendo uma experiência envolvente e estratégica.' ,80.00, 28, 8),
(30, 'Norland', '"Norland" é um jogo de estratégia e gerenciamento ambientado em um mundo nórdico em transformação. Os jogadores assumem o papel de líderes de clãs, explorando vastas terras geladas enquanto enfrentam desafios como caça, comércio e conflitos com outros clãs. Com elementos de construção e diplomacia, é preciso tomar decisões estratégicas para garantir a sobrevivência e prosperidade do seu povo. A atmosfera imersiva e os eventos dinâmicos criam uma experiência rica em narrativa e escolhas significativas.' ,70.00, 29, 8),
(31, 'Manor Lords', '"Manor Lords" é um jogo de estratégia e construção de cidades ambientado na Idade Média, onde os jogadores gerenciam um feudo e desenvolvem uma vila próspera. Combinando elementos de gerenciamento econômico, construção de cidades e batalhas em tempo real, os jogadores devem equilibrar a produção de recursos, a defesa contra invasões e a satisfação dos habitantes. A jogabilidade profunda e a atenção aos detalhes históricos proporcionam uma experiência imersiva e desafiadora, onde cada decisão conta.' ,39.99, 22, 8),
(32, 'Stardew Valley', 'Stardew Valley é um jogo de simulação de fazenda onde o jogador herda uma propriedade rural abandonada. Com liberdade para plantar, criar animais, pescar, minerar e interagir com a comunidade local, o objetivo é restaurar a fazenda e prosperar. O jogo também oferece a possibilidade de desenvolver relações, casar e formar uma família, tudo em um mundo aberto com ciclo de estações e eventos diversos.' ,24.99 , 28, 8),
(33, 'FC 25', '"EA Sports FC 25" é um jogo de simulação de futebol que oferece uma experiência mais realista e imersiva, com novos recursos como o modo 5v5 Rush, onde jogadores participam de partidas rápidas em times reduzidos em modos como Football Ultimate Team. O jogo também expande o modo carreira, incluindo ligas femininas e melhorias táticas. Com mais de 19.000 jogadores e 700 clubes, proporciona uma autêntica experiência de futebol em várias plataformas, embora não tenha suporte para cross-play no Switch​.' ,299.00, 26, 9),
(34, 'FC 24', '"EA Sports FC 24" é a mais nova fase da famosa série de futebol, trazendo mais de 19.000 jogadores licenciados, 700 equipes e 30 ligas. Com a tecnologia HyperMotionV, o jogo utiliza dados volumétricos de partidas reais para criar movimentos autênticos, enquanto o sistema de PlayStyles, otimizado pela Opta, reflete habilidades únicas dos jogadores. O game também inclui o modo Ultimate Team, onde homens e mulheres podem jogar juntos, e a opção de cross-play em algumas modalidades.' ,359.00, 27, 9),
(35, 'NBA 2K24', 'NBA 2K24 oferece uma experiência imersiva para os fãs de basquete, destacando-se com o novo sistema ProPLAY, que captura movimentos reais das quadras da NBA para aumentar o realismo do jogo. Entre os modos de destaque, está o "Mamba Moments", que permite recriar performances icônicas de Kobe Bryant. O jogo também traz melhorias no MyTEAM, MyCAREER e no sistema de badges, além de modos clássicos para montar equipes lendárias. Com gráficos aprimorados e jogabilidade fluida, NBA 2K24 entrega um pacote completo de basquete virtual para todas as gerações de consoles' ,80.00, 30, 9),
(36, 'Spike Volleyball', 'Spike Volleyball é um simulador realista de vôlei indoor, lançado em 2019, que permite aos jogadores dominar técnicas como saques flutuantes, bloqueios e cortadas poderosas. Com 50 equipes masculinas e femininas nacionais, o jogo oferece uma experiência profunda e desafiadora de um dos esportes coletivos mais complexos. Os modos de jogo incluem partidas individuais e multijogador, com uma jogabilidade focada na estratégia e na coordenação de equipe' ,19.9, 21, 9),
(37, 'SpeedRunners', 'SpeedRunners é um jogo de plataforma competitivo para até quatro jogadores. Nele, os participantes correm em cenários 2D usando ganchos, propulsores e outros itens para eliminar adversários, jogando-os para fora da tela. O objetivo é se manter à frente da tela em movimento, que encolhe conforme os jogadores são eliminados. O jogo inclui modos multijogador local e online, e oferece uma variedade de mapas e níveis criados pela comunidade​.' , 85.57, 25, 10),
(38, 'Dirt Rally 2.0', '"Dirt Rally 2.0" é um simulador de rally que oferece uma experiência intensa e realista nas trilhas mais desafiadoras do mundo. Os jogadores enfrentam terrenos variados, desde lama e neve até asfalto, pilotando carros icônicos de rally. Com foco em precisão e controle, cada corrida exige estratégia e habilidade. O jogo inclui modos de carreira e eventos online, permitindo que os pilotos testem suas habilidades em competições emocionantes e desafiadoras, enquanto enfrentam as imprevisíveis condições das pistas., ', 114.11, 23, 10),
(39, 'Forza Horizon', '"Forza Horizon" é uma série de jogos de corrida em mundo aberto, ambientada em festivais de automóveis vibrantes. Os jogadores exploram cenários diversos, desde montanhas a praias, competindo em uma variedade de eventos, como corridas, desafios de acrobacias e aventuras de exploração. Com uma seleção impressionante de carros, personalização e um sistema dinâmico de clima e hora do dia, os jogadores experimentam uma sensação de liberdade enquanto se destacam nas estradas.', 249.00, 25, 10),
(40, 'F1 24', '"F1 24" é um simulador de corrida que traz a emoção da Fórmula 1 com gráficos impressionantes e jogabilidade realista. Os jogadores podem competir em todas as 23 pistas do calendário da temporada, enfrentando desafios como estratégias de pit stop e condições climáticas dinâmicas. Com modos para um jogador e multiplayer, os fãs podem viver a experiência de ser um piloto de F1, gerenciar sua equipe, personalizar carros e lutar pelo campeonato mundial em uma experiência imersiva e competitiva.', 359.00, 21, 10);

INSERT INTO Fornecedor (idFornecedor, nmFornecedor, CNPJ, telefone, email) 
VALUES (1, 'GameStation', 01234567000189, 11912345678, 'contato.gamestation@gmail.com'),
(2, 'PowerUp Games', 02345678000178, 21923456789, 'contato.powerup@gmail.com'),
(3, 'PlayZone', 03456789000167, 31934567890, 'contato.playzone@gmail.com'),
(4, 'GameHub', 04567890000156, 41945678901, 'contato.gamehub@gmail.com'),
(5, 'Digital Gamers', 05678901000145, 51956789012, 'contato.digitalgamers@gmail.com'),
(6, 'GameWorld', 06789012000134, 61967890123, 'contato.gameworld@gmail.com'),
(7, 'Epic Gaming', 07890123000123, 71978901234, 'contato.epicgaming@gmail.com'),
(8, 'GameHouse', 08901234000112, 81989012345, 'contato.gamehouse@gmail.com'),
(9, 'NextGen Games', 09012345000101, 91900123456, 'contato.nextgen@gmail.com'),
(10, 'PixelPlay', 10123456000190, 92910234567, 'contato.pixelplay@gmail.com'),
(11, 'Nova Play', 11234567000189, 93920345678, 'contato.novaplay@gmail.com'),
(12, 'GameMasters', 12345678000178, 94930456789, 'contato.gamemasters@gmail.com'),
(13, 'Retro Games', 13456789000167, 95940567890, 'contato.retrogames@gmail.com'),
(14, 'Virtua Gamer', 14567890000156, 96950678901, 'contato.virtuagamer@gmail.com'),
(15, 'GamePlanet', 15678901000145, 97960789012, 'contato.gameplanet@gmail.com'),
(16, 'PlayNation', 16789012000134, 98970890123, 'contato.playnation@gmail.com'),
(17, 'Game Universe', 17890123000123, 99980901234, 'contato.gameuniverse@gmail.com'),
(18, 'e-Gamer', 18901234000112, 31991012345, 'contato.egamer@gmail.com'),
(19, 'LevelUp Games', 19012345000101, 32902123456, 'contato.levelupgames@gmail.com'),
(20, 'Prime Gaming', 20123456000190, 33913234567, 'contato.primegaming@gmail.com');

INSERT INTO FornProduto (idFornecedor, idProduto, precoUnit, prazoEntrega)
VALUES (1, 1, 199.50, '2024-11-01'), 
(2, 2, 249.90, '2024-11-03'), 
(3, 3, 137.89, '2024-11-05'), 
(4, 4, 284.53, '2024-11-07'), 
(5, 5, 84.99, '2024-11-09'), 
(6, 6, 77.00, '2024-11-11'), 
(7, 7, 341.45, '2024-11-13'), 
(8, 8, 227.62, '2024-11-15'), 
(9, 9, 99.90, '2024-11-17'), 
(10, 10, 299.99, '2024-11-19'), 
(11, 11, 85.32, '2024-11-21'), 
(12, 12, 113.78, '2024-11-23'), 
(13, 13, 27.99, '2024-11-25'), 
(14, 14, 88.99, '2024-11-27'), 
(15, 15, 74.99, '2024-11-29'), 
(16, 16, 55.77, '2024-12-01'), 
(17, 17, 99.00, '2024-12-03'), 
(18, 18, 82.00, '2024-12-05'), 
(19, 19, 80.00, '2024-12-07'), 
(20, 20, 124.99, '2024-12-09'),
(1, 21, 101.00, '2024-12-11'),
(2, 22, 27.99, '2024-12-13'), 
(3, 23, 9.99, '2024-12-15'), 
(4, 24, 98.79, '2024-12-17'), 
(5, 25, 89.50, '2024-12-19'), 
(6, 26, 64.99, '2024-12-21'), 
(7, 27, 99.99, '2024-12-23'), 
(8, 28, 150.99, '2024-12-25'), 
(9, 29, 80.00, '2024-12-27'), 
(10, 30, 70.00, '2024-12-29'), 
(11, 31, 39.99, '2025-01-01'), 
(12, 32, 24.99, '2025-01-03'), 
(13, 33, 299.00, '2025-01-05'), 
(14, 34, 359.00, '2025-01-07'), 
(15, 35, 80.00, '2025-01-09'), 
(16, 36, 19.99, '2025-01-11'), 
(17, 37, 85.57, '2025-01-13'), 
(18, 38, 114.11, '2025-01-15'), 
(19, 39, 249.00, '2025-01-17'), 
(20, 40, 359.00, '2025-01-19');

INSERT INTO Nuvem (idNuvem, capacidade) VALUES
(1, 1000),
(2, 1500),
(3, 2000),
(4, 2500),
(5, 3000),
(6, 3500),
(7, 4000),
(8, 4500),
(9, 5000),
(10, 5500);

INSERT INTO Locacao (idLocacao, idNuvem, idPedido, dtEntrada, dtSaida)
VALUES (1, 2, 3, '2024-09-23', '2024-12-05'),
(2, 10, 4, '2023-05-01', '2023-08-25'),
(3, 5, 1, '2024-02-21', '2024-05-09'),
(4, 7, 2, '2024-04-22', '2024-08-08'),
(5, 3, 5, '2024-10-13', '2025-01-25'),
(6, 8, 7, '2023-01-01', '2023-04-08'),
(7, 9, 6, '2024-09-12', '2024-12-29'),
(8, 6, 8, '2024-06-02', '2024-09-23'),
(9, 1, 9, '2023-06-17', '2023-10-14'),
(10, 3, 10, '2024-03-22', '2024-06-12'),
(11, 4, 12, '2024-04-04', '2024-07-07'),
(12, 2, 11, '2023-08-04', '2023-11-11'),
(13, 6, 15, '2024-11-27', '2025-03-13'),
(14, 10, 13, '2023-06-22', '2023-09-09'),
(15, 5, 14, '2024-06-15', '2024-09-24'),
(16, 7, 20, '2023-12-04', '2024-03-12'),
(17, 9, 19, '2024-07-01', '2024-10-10'),
(18, 2, 16, '2024-05-03', '2024-08-23'),
(19, 1, 17, '2023-10-28', '2024-01-26'),
(20, 8, 18, '2024-04-21', '2024-06-25');

INSERT INTO TipoPagamento (idTipoPag, Metodo, BandeiraCartao, NumeroCartao, CVV, NomeCartao, CPF, dtValidade, chavePix)
VALUES (1, 'PIX', NULL, NULL, NULL, 'Ana Silva', 75324168932, NULL, 23443243252345678901234567890198),
(2, 'Boleto', NULL, NULL, NULL, 'João Santos', 46289315709, NULL, NULL),
(3, 'Credito', 'Visa', 8765433243462543, 217, 'Maria Oliveira', 15972638421, '2025-02-21', NULL),
(4, 'Credito', 'MasterCard', 45334332465352543, 632, 'Carlos Pereira', 87430521945, '2026-07-29', NULL),
(5, 'PIX', NULL, NULL, NULL, 'Fernanda Costa', 23618495778, NULL, 56776576585678901234567890123421),
(6, 'Credito', 'American Express', 4533433241432543, 432, 'Cauê Sebastião Oliveira', 52535224925, '2026-03-21', NULL),
(7, 'PIX', NULL, NULL, NULL, 'Antonella Analu Lara Drumond', 11561650676, NULL, 89009809818901234567890123456754), 
(8, 'Boleto', NULL, NULL, NULL, 'Emily Hadassa Daniela Ramos', 98125403345, NULL, NULL),
(9, 'Credito', 'Visa', 1357924680135792, 432, 'Felipe Márcio Ian Costa', 19388632320, '2025-03-12', NULL),
(10, 'PIX', NULL, NULL, NULL, 'Valentina Malu Teixeira', 12042805103, NULL, 1231031030123456789012345678976), 
(11, 'PIX', NULL, NULL, NULL, 'Mariah Amanda Isabelly Silva', 26843544304, NULL, 90120920929012345678901234567865),
(12, 'Credito', 'MasterCard', 5464284202315899, 423, 'Guilherme Davi Aragão', 43232665535, '2026-03-29', NULL), 
(13, 'PIX', NULL, NULL, NULL, 'Victor Benjamin Novaes', 59040352763, NULL, 56776576585678901234567890123421),
(14, 'Credito', 'Visa', 4024007122980807, 457, 'Eliane Emilly Débora Galvão', 67243323898, '2025-10-29', NULL),
(15, 'Boleto', NULL, NULL, NULL, 'Alessandra Sebastiana Milena Ferreira', 24934406336, NULL, NULL),
(16, 'PIX', NULL, NULL, NULL, 'Ana Malu Emilly Ramos', 48040293898, NULL, 34554354363456789012345678901209),
(17, 'PIX', NULL, NULL, NULL, 'Esther Carla Cavalcanti', 32106146442, NULL, NULL),
(18, 'Credito', 'HiperCard', 6062828428582296, 516, 'Carlos Pedro Henrique Matheus da Conceição', 48783661760, '2025-09-29', NULL),
(19, 'Boleto', NULL, NULL, NULL, 'Luís José Freitas', 42955159816, NULL, NULL),
(20, 'Boleto', NULL, NULL, NULL, 'Jaqueline Fátima Costa', 80859986888, NULL, NULL);

INSERT INTO Pagamento (idPagamento, idPedido, dtPagamento, MetodoPag, ValorPag, StatusPag)
VALUES (1, 5, '2024-04-11', 'PIX', 188.98, TRUE),
(2, 3, '2024-01-24', 'Credito', 707.90, TRUE),
(3, 4, '2024-06-21', 'Credito', 535.01, TRUE),
(4, 2, '2024-05-15', 'Boleto', 298.29, TRUE),
(5, 1, '2024-10-05', 'PIX', 376.99, TRUE),
(6, 6, '2024-01-18', 'Credito', 453.99, TRUE),
(7, 7, '2023-03-13', 'PIX', 745.77, TRUE),
(8, 8, '2024-09-09', 'Boleto', 99.00, TRUE),
(9, 9, '2023-10-23', 'Credito', 1035.12, TRUE),
(10, 10, '2024-09-17', 'PIX', 297.89, TRUE),
(11, 12, '2024-05-28', 'Boleto', 298.29, TRUE),
(12, 11, '2023-02-14', 'Credito', 376.99, TRUE),
(13, 15, '2024-09-29', 'Debito', 188.98, TRUE),
(14, 13, '2023-10-13', 'PIX', 707.90, TRUE),
(15, 14, '2024-06-27', 'PIX', 535.01, TRUE),  
(16, 17, '2024-08-15', 'PIX', 745.77, TRUE),
(17, 20, '2024-10-03', 'Credito', 297.89, TRUE),
(18, 19, '2024-04-13', 'Boleto', 1035.12, TRUE),
(19, 18, '2024-05-25', 'Credito', 99.00, TRUE),
(20, 16, '2024-09-29', 'PIX', 453.99, TRUE);

INSERT INTO NotaFiscal (idNotaFiscal, idPedido, dtEmissao, ValorTotal)
VALUES(1, 1, '2024-10-05', 376.99),   
      (2, 2, '2024-05-12', 298.29),
      (3, 3, '2024-01-24', 707.90),
      (4, 4, '2024-06-21', 535.01),
	  (5, 5, '2024-04-11', 188.98),
	  (6, 6, '2024-01-18', 453.99),
	  (7, 7, '2023-03-13', 745.77),
      (8, 8, '2024-09-09', 99.00),
	  (9, 9, '2023-10-23', 1035.12),
      (10, 10, '2024-09-17', 297.89),
	  (11, 11, '2024-03-06', 376.99),
	  (12, 12, '2022-06-19', 298.29),
	  (13, 13, '2023-09-27', 707.90),
	  (14, 14, '2023-12-29', 535.01),
	  (15, 15, '2024-04-13', 188.98),
	  (16, 16, '2024-08-15', 453.99), 
	  (17, 17, '2023-07-21', 745.77),
	  (18, 18, '2024-06-23', 99.00),
	  (19, 19, '2023-11-29', 1035.12),
	  (20, 20, '2024-03-12', 297.89);